<?xml version="1.0" encoding="UTF-8"?>
<!DOCTYPE hibernate-configuration PUBLIC 
  "-//Hibernate/Hibernate Configuration DTD 3.0//EN" 
  "http://www.hibernate.org/dtd/hibernate-configuration-3.0.dtd">
<!-- Version 8 MySQL hiberante-cfg.xml example for Hibernate 5 -->
<hibernate-configuration>
  <session-factory>
         <property name="connection.driver_class">com.mysql.cj.jdbc.Driver</property>
        <property name="connection.url">jdbc:mysql://localhost:3307/ey</property>
        <property name="connection.username">root</property>
        <property name="connection.password">root</property>
        <property name="connection.pool_size">1</property>
        <property name="dialect">org.hibernate.dialect.MySQL8Dialect</property>
        <property name="show_sql">true</property>
         <property name="hbm2ddl.auto">update</property>
         <mapping class="com.ey.entity.Products" /> 
         <mapping class="com.ey.Employee"/>
    </session-factory>
</hibernate-configuration>
